{
  "dopamine": 0.4155020767058335,
  "serotonin": 0.41923688305202267,
  "cortisol": 0.8075405097782515,
  "oxytocin": 0.5
}